Time,DesiredVelocity
0.0,0.05555555555555556
1.0,0.4722222222222222
2.0,3.638888888888889
3.0,9.2
4.0,11.2
5.0,12.5
6.0,14.7564356
7.0,15.6664423
8.0,17.123666
9.0,18.345986945769
10.0,20.2345235
